name,opcode,op_count,gas_used,zk_cycles,proving_time_s
test_marginal_opcodes.py::test_add[fork_Prague-blockchain_test_from_state_test-op_count_0],add,0,9480611,327108334,57.53
test_marginal_opcodes.py::test_add[fork_Prague-blockchain_test_from_state_test-op_count_300000],add,300000,10380611,356208984,61.061
test_marginal_opcodes.py::test_add[fork_Prague-blockchain_test_from_state_test-op_count_600000],add,600000,11280611,385310575,64.621
test_marginal_opcodes.py::test_add[fork_Prague-blockchain_test_from_state_test-op_count_900000],add,900000,12180611,414492906,67.669
test_marginal_opcodes.py::test_addmod[fork_Prague-blockchain_test_from_state_test-op_count_0],addmod,0,2803611,101449828,22.228
test_marginal_opcodes.py::test_addmod[fork_Prague-blockchain_test_from_state_test-op_count_134000],addmod,134000,3875611,308348498,48.413
test_marginal_opcodes.py::test_addmod[fork_Prague-blockchain_test_from_state_test-op_count_201000],addmod,201000,4411611,411794422,61.083
test_marginal_opcodes.py::test_addmod[fork_Prague-blockchain_test_from_state_test-op_count_67000],addmod,67000,3339611,204899064,35.363
test_marginal_opcodes.py::test_address[fork_Prague-blockchain_test_from_state_test-op_count_0],address,0,3863111,90594101,20.671
test_marginal_opcodes.py::test_address[fork_Prague-blockchain_test_from_state_test-op_count_300000],address,300000,4463111,125437656,25.761
test_marginal_opcodes.py::test_address[fork_Prague-blockchain_test_from_state_test-op_count_600000],address,600000,5063111,160199716,29.3
test_marginal_opcodes.py::test_address[fork_Prague-blockchain_test_from_state_test-op_count_900000],address,900000,5663111,195002271,34.329
test_marginal_opcodes.py::test_and[fork_Prague-blockchain_test_from_state_test-op_count_0],and,0,6335611,218399618,39.866
test_marginal_opcodes.py::test_and[fork_Prague-blockchain_test_from_state_test-op_count_200000],and,200000,6935611,232800587,43.973
test_marginal_opcodes.py::test_and[fork_Prague-blockchain_test_from_state_test-op_count_400000],and,400000,7535611,247201245,46.429
test_marginal_opcodes.py::test_and[fork_Prague-blockchain_test_from_state_test-op_count_600000],and,600000,8135611,261656773,49.531
test_marginal_opcodes.py::test_balance[fork_Prague-blockchain_test_from_state_test-op_count_0],balance,0,2398111,51032272,15.637
test_marginal_opcodes.py::test_balance[fork_Prague-blockchain_test_from_state_test-op_count_100000],balance,100000,12398111,217033181,38.381
test_marginal_opcodes.py::test_balance[fork_Prague-blockchain_test_from_state_test-op_count_200000],balance,200000,22398111,383035831,62.688
test_marginal_opcodes.py::test_balance[fork_Prague-blockchain_test_from_state_test-op_count_300000],balance,300000,32398111,549036232,88.399
test_marginal_opcodes.py::test_blobbasefee[fork_Prague-blockchain_test_from_state_test-op_count_0],blobbasefee,0,5135611,120498988,24.749
test_marginal_opcodes.py::test_blobbasefee[fork_Prague-blockchain_test_from_state_test-op_count_1200000],blobbasefee,1200000,7535611,222506569,40.871
test_marginal_opcodes.py::test_blobbasefee[fork_Prague-blockchain_test_from_state_test-op_count_400000],blobbasefee,400000,5935611,154556232,31.267
test_marginal_opcodes.py::test_blobbasefee[fork_Prague-blockchain_test_from_state_test-op_count_800000],blobbasefee,800000,6735611,188504068,35.874
test_marginal_opcodes.py::test_blobhash[fork_Prague-blockchain_test_from_state_test-op_count_0],blobhash,0,9498611,240144501,42.899
test_marginal_opcodes.py::test_blobhash[fork_Prague-blockchain_test_from_state_test-op_count_1002000],blobhash,1002000,12504611,307362936,47.472
test_marginal_opcodes.py::test_blobhash[fork_Prague-blockchain_test_from_state_test-op_count_1503000],blobhash,1503000,14007611,340850737,51.548
test_marginal_opcodes.py::test_blobhash[fork_Prague-blockchain_test_from_state_test-op_count_501000],blobhash,501000,11001611,273711212,44.493
test_marginal_opcodes.py::test_byte[fork_Prague-blockchain_test_from_state_test-op_count_0],byte,0,6335611,170951453,30.324
test_marginal_opcodes.py::test_byte[fork_Prague-blockchain_test_from_state_test-op_count_200000],byte,200000,6935611,187352458,33.35
test_marginal_opcodes.py::test_byte[fork_Prague-blockchain_test_from_state_test-op_count_400000],byte,400000,7535611,203752787,34.806
test_marginal_opcodes.py::test_byte[fork_Prague-blockchain_test_from_state_test-op_count_600000],byte,600000,8135611,220154993,38.911
test_marginal_opcodes.py::test_calldatacopy[fork_Prague-blockchain_test_from_state_test-op_count_0],calldatacopy,0,4559611,112974666,25.22
test_marginal_opcodes.py::test_calldatacopy[fork_Prague-blockchain_test_from_state_test-op_count_200000],calldatacopy,200000,5759611,155377056,29.801
test_marginal_opcodes.py::test_calldatacopy[fork_Prague-blockchain_test_from_state_test-op_count_400000],calldatacopy,400000,6959611,197777664,36.872
test_marginal_opcodes.py::test_calldatacopy[fork_Prague-blockchain_test_from_state_test-op_count_600000],calldatacopy,600000,8159611,240179335,39.415
test_marginal_opcodes.py::test_calldataload[fork_Prague-blockchain_test_from_state_test-op_count_0],calldataload,0,3196611,80638279,20.197
test_marginal_opcodes.py::test_calldataload[fork_Prague-blockchain_test_from_state_test-op_count_167000],calldataload,167000,3697611,107859082,23.221
test_marginal_opcodes.py::test_calldataload[fork_Prague-blockchain_test_from_state_test-op_count_334000],calldataload,334000,4198611,135110931,26.242
test_marginal_opcodes.py::test_calldataload[fork_Prague-blockchain_test_from_state_test-op_count_501000],calldataload,501000,4699611,162306900,29.795
test_marginal_opcodes.py::test_calldatasize[fork_Prague-blockchain_test_from_state_test-op_count_0],calldatasize,0,5135611,120498918,23.728
test_marginal_opcodes.py::test_calldatasize[fork_Prague-blockchain_test_from_state_test-op_count_1200000],calldatasize,1200000,7535611,197306616,36.352
test_marginal_opcodes.py::test_calldatasize[fork_Prague-blockchain_test_from_state_test-op_count_240000],calldatasize,240000,5615611,135860525,25.742
test_marginal_opcodes.py::test_calldatasize[fork_Prague-blockchain_test_from_state_test-op_count_480000],calldatasize,480000,6095611,151222673,30.325
test_marginal_opcodes.py::test_calldatasize[fork_Prague-blockchain_test_from_state_test-op_count_720000],calldatasize,720000,6575611,166597863,31.803
test_marginal_opcodes.py::test_calldatasize[fork_Prague-blockchain_test_from_state_test-op_count_960000],calldatasize,960000,7055611,181945356,34.891
test_marginal_opcodes.py::test_caller[fork_Prague-blockchain_test_from_state_test-op_count_0],caller,0,5135611,120498719,24.732
test_marginal_opcodes.py::test_caller[fork_Prague-blockchain_test_from_state_test-op_count_1200000],caller,1200000,7535611,259706778,44.498
test_marginal_opcodes.py::test_caller[fork_Prague-blockchain_test_from_state_test-op_count_400000],caller,400000,5935611,166955972,29.778
test_marginal_opcodes.py::test_caller[fork_Prague-blockchain_test_from_state_test-op_count_800000],caller,800000,6735611,213304387,35.85
test_marginal_opcodes.py::test_caller_basefee[fork_Prague-blockchain_test_from_state_test-op_count_0],basefee,0,5135611,120498468,25.213
test_marginal_opcodes.py::test_caller_basefee[fork_Prague-blockchain_test_from_state_test-op_count_1200000],basefee,1200000,7535611,196106120,36.844
test_marginal_opcodes.py::test_caller_basefee[fork_Prague-blockchain_test_from_state_test-op_count_400000],basefee,400000,5935611,145755998,29.291
test_marginal_opcodes.py::test_caller_basefee[fork_Prague-blockchain_test_from_state_test-op_count_800000],basefee,800000,6735611,170904089,31.873
test_marginal_opcodes.py::test_callvalue[fork_Prague-blockchain_test_from_state_test-op_count_0],callvalue,0,5135611,120499132,24.244
test_marginal_opcodes.py::test_callvalue[fork_Prague-blockchain_test_from_state_test-op_count_1200000],callvalue,1200000,7535611,214106666,39.367
test_marginal_opcodes.py::test_callvalue[fork_Prague-blockchain_test_from_state_test-op_count_300000],callvalue,300000,5735611,143899709,29.254
test_marginal_opcodes.py::test_callvalue[fork_Prague-blockchain_test_from_state_test-op_count_600000],callvalue,600000,6335611,167303495,33.812
test_marginal_opcodes.py::test_callvalue[fork_Prague-blockchain_test_from_state_test-op_count_900000],callvalue,900000,6935611,190703229,36.847
test_marginal_opcodes.py::test_chainid[fork_Prague-blockchain_test_from_state_test-op_count_0],chainid,0,5135611,120498624,24.748
test_marginal_opcodes.py::test_chainid[fork_Prague-blockchain_test_from_state_test-op_count_1200000],chainid,1200000,7535611,196106598,36.848
test_marginal_opcodes.py::test_chainid[fork_Prague-blockchain_test_from_state_test-op_count_400000],chainid,400000,5935611,145755772,28.797
test_marginal_opcodes.py::test_chainid[fork_Prague-blockchain_test_from_state_test-op_count_800000],chainid,800000,6735611,170904033,32.82
test_marginal_opcodes.py::test_codecopy[fork_Prague-blockchain_test_from_state_test-op_count_0],codecopy,0,6816611,169023010,32.312
test_marginal_opcodes.py::test_codecopy[fork_Prague-blockchain_test_from_state_test-op_count_300000],codecopy,300000,8616611,232625312,42.417
test_marginal_opcodes.py::test_codecopy[fork_Prague-blockchain_test_from_state_test-op_count_600000],codecopy,600000,10416611,334625874,57.064
test_marginal_opcodes.py::test_codecopy[fork_Prague-blockchain_test_from_state_test-op_count_900000],codecopy,900000,12216611,417427357,70.219
test_marginal_opcodes.py::test_codesize[fork_Prague-blockchain_test_from_state_test-op_count_0],codesize,0,5135611,120499062,24.227
test_marginal_opcodes.py::test_codesize[fork_Prague-blockchain_test_from_state_test-op_count_1200000],codesize,1200000,7535611,193706816,37.363
test_marginal_opcodes.py::test_codesize[fork_Prague-blockchain_test_from_state_test-op_count_400000],codesize,400000,5935611,144956022,28.787
test_marginal_opcodes.py::test_codesize[fork_Prague-blockchain_test_from_state_test-op_count_800000],codesize,800000,6735611,169304223,34.442
test_marginal_opcodes.py::test_coinbase[fork_Prague-blockchain_test_from_state_test-op_count_0],coinbase,0,5135611,120498775,24.231
test_marginal_opcodes.py::test_coinbase[fork_Prague-blockchain_test_from_state_test-op_count_1200000],coinbase,1200000,7535611,259706902,43.875
test_marginal_opcodes.py::test_coinbase[fork_Prague-blockchain_test_from_state_test-op_count_400000],coinbase,400000,5935611,166955710,28.781
test_marginal_opcodes.py::test_coinbase[fork_Prague-blockchain_test_from_state_test-op_count_800000],coinbase,800000,6735611,213303768,35.832
test_marginal_opcodes.py::test_div[fork_Prague-blockchain_test_from_state_test-op_count_0],div,0,2247111,77077871,19.681
test_marginal_opcodes.py::test_div[fork_Prague-blockchain_test_from_state_test-op_count_140000],div,140000,2947111,291279896,45.391
test_marginal_opcodes.py::test_div[fork_Prague-blockchain_test_from_state_test-op_count_210000],div,210000,3297111,398399962,61.137
test_marginal_opcodes.py::test_div[fork_Prague-blockchain_test_from_state_test-op_count_70000],div,70000,2597111,184178585,33.335
test_marginal_opcodes.py::test_dup16[fork_Prague-blockchain_test_from_state_test-op_count_0],dup16,0,2895611,70724252,16.649
test_marginal_opcodes.py::test_dup16[fork_Prague-blockchain_test_from_state_test-op_count_120000],dup16,120000,3255611,76845258,17.662
test_marginal_opcodes.py::test_dup16[fork_Prague-blockchain_test_from_state_test-op_count_240000],dup16,240000,3615611,83074071,20.174
test_marginal_opcodes.py::test_dup16[fork_Prague-blockchain_test_from_state_test-op_count_360000],dup16,360000,3975611,89087184,21.193
test_marginal_opcodes.py::test_dup16[fork_Prague-blockchain_test_from_state_test-op_count_480000],dup16,480000,4335611,95207611,21.217
test_marginal_opcodes.py::test_dup16[fork_Prague-blockchain_test_from_state_test-op_count_600000],dup16,600000,4695611,101327887,23.237
test_marginal_opcodes.py::test_dup1[fork_Prague-blockchain_test_from_state_test-op_count_0],dup1,0,4095611,102229169,20.699
test_marginal_opcodes.py::test_dup1[fork_Prague-blockchain_test_from_state_test-op_count_180000],dup1,180000,4635611,111410025,23.228
test_marginal_opcodes.py::test_dup1[fork_Prague-blockchain_test_from_state_test-op_count_360000],dup1,360000,5175611,120591042,26.752
test_marginal_opcodes.py::test_dup1[fork_Prague-blockchain_test_from_state_test-op_count_540000],dup1,540000,5715611,129771396,27.758
test_marginal_opcodes.py::test_dup1[fork_Prague-blockchain_test_from_state_test-op_count_720000],dup1,720000,6255611,138952263,27.793
test_marginal_opcodes.py::test_dup1[fork_Prague-blockchain_test_from_state_test-op_count_900000],dup1,900000,6795611,148132282,29.273
test_marginal_opcodes.py::test_dup8[fork_Prague-blockchain_test_from_state_test-op_count_0],dup8,0,4200611,103825556,21.219
test_marginal_opcodes.py::test_dup8[fork_Prague-blockchain_test_from_state_test-op_count_180000],dup8,180000,4740611,113005539,24.22
test_marginal_opcodes.py::test_dup8[fork_Prague-blockchain_test_from_state_test-op_count_360000],dup8,360000,5280611,122186694,27.274
test_marginal_opcodes.py::test_dup8[fork_Prague-blockchain_test_from_state_test-op_count_540000],dup8,540000,5820611,131367403,27.739
test_marginal_opcodes.py::test_dup8[fork_Prague-blockchain_test_from_state_test-op_count_720000],dup8,720000,6360611,140548329,28.274
test_marginal_opcodes.py::test_dup8[fork_Prague-blockchain_test_from_state_test-op_count_900000],dup8,900000,6900611,149809820,30.822
test_marginal_opcodes.py::test_eq[fork_Prague-blockchain_test_from_state_test-op_count_0],eq,0,4763111,164044613,30.823
test_marginal_opcodes.py::test_eq[fork_Prague-blockchain_test_from_state_test-op_count_150000],eq,150000,5213111,208596016,35.307
test_marginal_opcodes.py::test_eq[fork_Prague-blockchain_test_from_state_test-op_count_300000],eq,300000,5663111,253146990,43.899
test_marginal_opcodes.py::test_eq[fork_Prague-blockchain_test_from_state_test-op_count_450000],eq,450000,6113111,297738989,49.976
test_marginal_opcodes.py::test_exp[fork_Prague-blockchain_test_from_state_test-op_count_0],exp,0,70286,1796382,7.065
test_marginal_opcodes.py::test_exp[fork_Prague-blockchain_test_from_state_test-op_count_1500],exp,1500,2485286,213295956,35.311
test_marginal_opcodes.py::test_exp[fork_Prague-blockchain_test_from_state_test-op_count_2250],exp,2250,3692786,319045626,51.455
test_marginal_opcodes.py::test_exp[fork_Prague-blockchain_test_from_state_test-op_count_750],exp,750,1277786,107545955,23.24
test_marginal_opcodes.py::test_extcodecopy[fork_Prague-blockchain_test_from_state_test-op_count_0],extcodecopy,0,1592111,42136161,13.61
test_marginal_opcodes.py::test_extcodecopy[fork_Prague-blockchain_test_from_state_test-op_count_102000],extcodecopy,102000,14282111,241916048,43.379
test_marginal_opcodes.py::test_extcodecopy[fork_Prague-blockchain_test_from_state_test-op_count_34000],extcodecopy,34000,5850111,108976440,24.751
test_marginal_opcodes.py::test_extcodecopy[fork_Prague-blockchain_test_from_state_test-op_count_68000],extcodecopy,68000,10066111,175459797,32.821
test_marginal_opcodes.py::test_extcodehash[fork_Prague-blockchain_test_from_state_test-op_count_0],extcodehash,0,1948111,47988645,13.628
test_marginal_opcodes.py::test_extcodehash[fork_Prague-blockchain_test_from_state_test-op_count_100000],extcodehash,100000,11948111,269382348,44.446
test_marginal_opcodes.py::test_extcodehash[fork_Prague-blockchain_test_from_state_test-op_count_150000],extcodehash,150000,16948111,380132227,63.622
test_marginal_opcodes.py::test_extcodehash[fork_Prague-blockchain_test_from_state_test-op_count_200000],extcodehash,200000,21948111,490882382,77.763
test_marginal_opcodes.py::test_extcodehash[fork_Prague-blockchain_test_from_state_test-op_count_50000],extcodehash,50000,6948111,158629070,29.802
test_marginal_opcodes.py::test_extcodesize[fork_Prague-blockchain_test_from_state_test-op_count_0],extcodesize,0,1934111,46510756,14.658
test_marginal_opcodes.py::test_extcodesize[fork_Prague-blockchain_test_from_state_test-op_count_132000],extcodesize,132000,15134111,266422201,45.932
test_marginal_opcodes.py::test_extcodesize[fork_Prague-blockchain_test_from_state_test-op_count_198000],extcodesize,198000,21734111,376380558,59.04
test_marginal_opcodes.py::test_extcodesize[fork_Prague-blockchain_test_from_state_test-op_count_66000],extcodesize,66000,8534111,156466910,30.825
test_marginal_opcodes.py::test_gas[fork_Prague-blockchain_test_from_state_test-op_count_0],gas,0,5135611,120499134,24.219
test_marginal_opcodes.py::test_gas[fork_Prague-blockchain_test_from_state_test-op_count_1200000],gas,1200000,7535611,192506753,37.894
test_marginal_opcodes.py::test_gas[fork_Prague-blockchain_test_from_state_test-op_count_400000],gas,400000,5935611,144555565,28.774
test_marginal_opcodes.py::test_gas[fork_Prague-blockchain_test_from_state_test-op_count_800000],gas,800000,6735611,168504088,31.814
test_marginal_opcodes.py::test_gaslimit[fork_Prague-blockchain_test_from_state_test-op_count_0],gaslimit,0,5135611,120498540,24.231
test_marginal_opcodes.py::test_gaslimit[fork_Prague-blockchain_test_from_state_test-op_count_1200000],gaslimit,1200000,7535611,192506450,35.813
test_marginal_opcodes.py::test_gaslimit[fork_Prague-blockchain_test_from_state_test-op_count_400000],gaslimit,400000,5935611,144555917,28.754
test_marginal_opcodes.py::test_gaslimit[fork_Prague-blockchain_test_from_state_test-op_count_800000],gaslimit,800000,6735611,168504599,32.307
test_marginal_opcodes.py::test_gasprice[fork_Prague-blockchain_test_from_state_test-op_count_0],gasprice,0,5135611,120499064,24.248
test_marginal_opcodes.py::test_gasprice[fork_Prague-blockchain_test_from_state_test-op_count_1200000],gasprice,1200000,7535611,217706736,39.888
test_marginal_opcodes.py::test_gasprice[fork_Prague-blockchain_test_from_state_test-op_count_400000],gasprice,400000,5935611,152956002,29.781
test_marginal_opcodes.py::test_gasprice[fork_Prague-blockchain_test_from_state_test-op_count_800000],gasprice,800000,6735611,185304491,34.845
test_marginal_opcodes.py::test_gt[fork_Prague-blockchain_test_from_state_test-op_count_0],gt,0,6335611,218399670,40.437
test_marginal_opcodes.py::test_gt[fork_Prague-blockchain_test_from_state_test-op_count_200000],gt,200000,6935611,234800175,43.422
test_marginal_opcodes.py::test_gt[fork_Prague-blockchain_test_from_state_test-op_count_400000],gt,400000,7535611,251201845,45.421
test_marginal_opcodes.py::test_gt[fork_Prague-blockchain_test_from_state_test-op_count_600000],gt,600000,8135611,267656911,47.454
test_marginal_opcodes.py::test_iszero[fork_Prague-blockchain_test_from_state_test-op_count_0],iszero,0,9930611,309983191,52.534
test_marginal_opcodes.py::test_iszero[fork_Prague-blockchain_test_from_state_test-op_count_1080000],iszero,1080000,13170611,372627805,57.568
test_marginal_opcodes.py::test_iszero[fork_Prague-blockchain_test_from_state_test-op_count_1350000],iszero,1350000,13980611,388290438,61.086
test_marginal_opcodes.py::test_iszero[fork_Prague-blockchain_test_from_state_test-op_count_270000],iszero,270000,10740611,325645823,51.472
test_marginal_opcodes.py::test_iszero[fork_Prague-blockchain_test_from_state_test-op_count_540000],iszero,540000,11550611,341305216,52.569
test_marginal_opcodes.py::test_iszero[fork_Prague-blockchain_test_from_state_test-op_count_810000],iszero,810000,12360611,356968381,56.601
test_marginal_opcodes.py::test_jump[fork_Prague-blockchain_test_from_state_test-op_count_0],jump,0,2880611,71702921,18.173
test_marginal_opcodes.py::test_jump[fork_Prague-blockchain_test_from_state_test-op_count_120000],jump,120000,3840611,79263293,18.661
test_marginal_opcodes.py::test_jump[fork_Prague-blockchain_test_from_state_test-op_count_240000],jump,240000,4800611,86824153,19.18
test_marginal_opcodes.py::test_jump[fork_Prague-blockchain_test_from_state_test-op_count_360000],jump,360000,5760611,94384421,20.205
test_marginal_opcodes.py::test_jump[fork_Prague-blockchain_test_from_state_test-op_count_480000],jump,480000,6720611,101945045,22.261
test_marginal_opcodes.py::test_jump[fork_Prague-blockchain_test_from_state_test-op_count_600000],jump,600000,7680611,109504936,21.72
test_marginal_opcodes.py::test_jumpdest[fork_Prague-blockchain_test_from_state_test-op_count_0],jumpdest,0,625611,31302230,11.114
test_marginal_opcodes.py::test_jumpdest[fork_Prague-blockchain_test_from_state_test-op_count_1600000],jumpdest,1600000,2225611,72909237,17.674
test_marginal_opcodes.py::test_jumpdest[fork_Prague-blockchain_test_from_state_test-op_count_2400000],jumpdest,2400000,3025611,93712846,21.198
test_marginal_opcodes.py::test_jumpdest[fork_Prague-blockchain_test_from_state_test-op_count_800000],jumpdest,800000,1425611,52106113,15.147
test_marginal_opcodes.py::test_jumpi[fork_Prague-blockchain_test_from_state_test-op_count_0],jumpi,0,7805611,165554848,29.824
test_marginal_opcodes.py::test_jumpi[fork_Prague-blockchain_test_from_state_test-op_count_1005000],jumpi,1005000,17855611,282137245,50.968
test_marginal_opcodes.py::test_jumpi[fork_Prague-blockchain_test_from_state_test-op_count_335000],jumpi,335000,11155611,204413169,37.874
test_marginal_opcodes.py::test_jumpi[fork_Prague-blockchain_test_from_state_test-op_count_670000],jumpi,670000,14505611,243275988,44.418
test_marginal_opcodes.py::test_keccak256[fork_Prague-blockchain_test_from_state_test-op_count_0],keccak256,0,930611,33755857,11.602
test_marginal_opcodes.py::test_keccak256[fork_Prague-blockchain_test_from_state_test-op_count_16000],keccak256,16000,25986611,479165020,184.269
test_marginal_opcodes.py::test_keccak256[fork_Prague-blockchain_test_from_state_test-op_count_24000],keccak256,24000,38514611,701869291,260.758
test_marginal_opcodes.py::test_keccak256[fork_Prague-blockchain_test_from_state_test-op_count_8000],keccak256,8000,13458611,256461006,94.907
test_marginal_opcodes.py::test_log0[fork_Prague-blockchain_test_from_state_test-op_count_0],log0,0,957611,21963764,11.096
test_marginal_opcodes.py::test_log0[fork_Prague-blockchain_test_from_state_test-op_count_120000],log0,120000,45957611,46485358,16.663
test_marginal_opcodes.py::test_log0[fork_Prague-blockchain_test_from_state_test-op_count_24000],log0,24000,9957611,27105263,11.11
test_marginal_opcodes.py::test_log0[fork_Prague-blockchain_test_from_state_test-op_count_48000],log0,48000,18957611,32367743,12.622
test_marginal_opcodes.py::test_log0[fork_Prague-blockchain_test_from_state_test-op_count_72000],log0,72000,27957611,38564302,15.149
test_marginal_opcodes.py::test_log0[fork_Prague-blockchain_test_from_state_test-op_count_96000],log0,96000,36957611,42524403,16.64
test_marginal_opcodes.py::test_log1[fork_Prague-blockchain_test_from_state_test-op_count_0],log1,0,934611,20427984,9.577
test_marginal_opcodes.py::test_log1[fork_Prague-blockchain_test_from_state_test-op_count_27000],log1,27000,28120611,35525638,13.147
test_marginal_opcodes.py::test_log1[fork_Prague-blockchain_test_from_state_test-op_count_54000],log1,54000,55282611,50392605,17.133
test_marginal_opcodes.py::test_log1[fork_Prague-blockchain_test_from_state_test-op_count_81000],log1,81000,82444611,66442856,20.701
test_marginal_opcodes.py::test_log2[fork_Prague-blockchain_test_from_state_test-op_count_0],log2,0,661611,14461939,9.583
test_marginal_opcodes.py::test_log2[fork_Prague-blockchain_test_from_state_test-op_count_14000],log2,14000,45003111,28076413,11.598
test_marginal_opcodes.py::test_log2[fork_Prague-blockchain_test_from_state_test-op_count_28000],log2,28000,89313111,41477130,16.668
test_marginal_opcodes.py::test_log2[fork_Prague-blockchain_test_from_state_test-op_count_42000],log2,42000,133623111,55466713,19.666
test_marginal_opcodes.py::test_log3[fork_Prague-blockchain_test_from_state_test-op_count_0],log3,0,693111,14948295,9.6
test_marginal_opcodes.py::test_log3[fork_Prague-blockchain_test_from_state_test-op_count_11900],log3,11900,42850611,28296309,12.11
test_marginal_opcodes.py::test_log3[fork_Prague-blockchain_test_from_state_test-op_count_23800],log3,23800,84976611,41284717,15.128
test_marginal_opcodes.py::test_log3[fork_Prague-blockchain_test_from_state_test-op_count_35700],log3,35700,127102611,55007279,18.185
test_marginal_opcodes.py::test_log4[fork_Prague-blockchain_test_from_state_test-op_count_0],log4,0,649011,14307046,9.076
test_marginal_opcodes.py::test_log4[fork_Prague-blockchain_test_from_state_test-op_count_18200],log4,18200,71933511,37052623,14.667
test_marginal_opcodes.py::test_log4[fork_Prague-blockchain_test_from_state_test-op_count_27300],log4,27300,107560011,47815613,17.168
test_marginal_opcodes.py::test_log4[fork_Prague-blockchain_test_from_state_test-op_count_9100],log4,9100,36307011,25840501,11.097
test_marginal_opcodes.py::test_lt[fork_Prague-blockchain_test_from_state_test-op_count_0],lt,0,6335611,218399451,40.396
test_marginal_opcodes.py::test_lt[fork_Prague-blockchain_test_from_state_test-op_count_200000],lt,200000,6935611,234800488,42.888
test_marginal_opcodes.py::test_lt[fork_Prague-blockchain_test_from_state_test-op_count_400000],lt,400000,7535611,251201293,45.445
test_marginal_opcodes.py::test_lt[fork_Prague-blockchain_test_from_state_test-op_count_600000],lt,600000,8135611,267656406,47.441
test_marginal_opcodes.py::test_marginal_call[fork_Prague-blockchain_test_from_state_test-op_count_0],call,0,1208611,25362457,11.098
test_marginal_opcodes.py::test_marginal_call[fork_Prague-blockchain_test_from_state_test-op_count_16500],call,16500,2861111,139498711,26.259
test_marginal_opcodes.py::test_marginal_call[fork_Prague-blockchain_test_from_state_test-op_count_33000],call,33000,4511111,252723347,44.497
test_marginal_opcodes.py::test_marginal_call[fork_Prague-blockchain_test_from_state_test-op_count_49500],call,49500,6161111,366392108,56.029
test_marginal_opcodes.py::test_marginal_callcode[fork_Prague-blockchain_test_from_state_test-op_count_0],callcode,0,1208611,25254270,11.133
test_marginal_opcodes.py::test_marginal_callcode[fork_Prague-blockchain_test_from_state_test-op_count_16500],callcode,16500,2861111,136198265,25.725
test_marginal_opcodes.py::test_marginal_callcode[fork_Prague-blockchain_test_from_state_test-op_count_33000],callcode,33000,4511111,246238887,42.391
test_marginal_opcodes.py::test_marginal_callcode[fork_Prague-blockchain_test_from_state_test-op_count_49500],callcode,49500,6161111,356722458,56.542
test_marginal_opcodes.py::test_marginal_create2[fork_Prague-blockchain_test_from_state_test-op_count_0],create2,0,200711,4554044,8.069
test_marginal_opcodes.py::test_marginal_create2[fork_Prague-blockchain_test_from_state_test-op_count_1400],create2,1400,45028711,41328057,15.125
test_marginal_opcodes.py::test_marginal_create2[fork_Prague-blockchain_test_from_state_test-op_count_2800],create2,2800,89856711,78154047,21.705
test_marginal_opcodes.py::test_marginal_create2[fork_Prague-blockchain_test_from_state_test-op_count_4200],create2,4200,134684711,117657462,28.259
test_marginal_opcodes.py::test_marginal_create[fork_Prague-blockchain_test_from_state_test-op_count_0],create,0,123811,3249183,7.072
test_marginal_opcodes.py::test_marginal_create[fork_Prague-blockchain_test_from_state_test-op_count_1400],create,1400,44935011,38358188,13.631
test_marginal_opcodes.py::test_marginal_create[fork_Prague-blockchain_test_from_state_test-op_count_2800],create,2800,89746211,73639709,20.737
test_marginal_opcodes.py::test_marginal_create[fork_Prague-blockchain_test_from_state_test-op_count_4200],create,4200,134557411,111696632,27.246
test_marginal_opcodes.py::test_marginal_delegatecall[fork_Prague-blockchain_test_from_state_test-op_count_0],delegatecall,0,1058611,22428506,11.619
test_marginal_opcodes.py::test_marginal_delegatecall[fork_Prague-blockchain_test_from_state_test-op_count_16500],delegatecall,16500,2711111,115681979,24.266
test_marginal_opcodes.py::test_marginal_delegatecall[fork_Prague-blockchain_test_from_state_test-op_count_33000],delegatecall,33000,4361111,208896612,36.83
test_marginal_opcodes.py::test_marginal_delegatecall[fork_Prague-blockchain_test_from_state_test-op_count_49500],delegatecall,49500,6011111,302121319,48.978
test_marginal_opcodes.py::test_marginal_staticcall[fork_Prague-blockchain_test_from_state_test-op_count_0],staticcall,0,1058611,22956836,11.102
test_marginal_opcodes.py::test_marginal_staticcall[fork_Prague-blockchain_test_from_state_test-op_count_16500],staticcall,16500,2711111,133261999,26.249
test_marginal_opcodes.py::test_marginal_staticcall[fork_Prague-blockchain_test_from_state_test-op_count_33000],staticcall,33000,4361111,243520694,40.885
test_marginal_opcodes.py::test_marginal_staticcall[fork_Prague-blockchain_test_from_state_test-op_count_49500],staticcall,49500,6011111,353790851,55.601
test_marginal_opcodes.py::test_mcopy[fork_Prague-blockchain_test_from_state_test-op_count_0],mcopy,0,642011,12180088,9.074
test_marginal_opcodes.py::test_mcopy[fork_Prague-blockchain_test_from_state_test-op_count_20000],mcopy,20000,2644211,41658820,14.131
test_marginal_opcodes.py::test_mcopy[fork_Prague-blockchain_test_from_state_test-op_count_40000],mcopy,40000,4624211,71044942,17.678
test_marginal_opcodes.py::test_mcopy[fork_Prague-blockchain_test_from_state_test-op_count_60000],mcopy,60000,6604211,100426617,21.72
test_marginal_opcodes.py::test_mload[fork_Prague-blockchain_test_from_state_test-op_count_0],mload,0,6371611,161427395,31.804
test_marginal_opcodes.py::test_mload[fork_Prague-blockchain_test_from_state_test-op_count_1002000],mload,1002000,9377611,323757292,50.983
test_marginal_opcodes.py::test_mload[fork_Prague-blockchain_test_from_state_test-op_count_334000],mload,334000,7373611,215535981,35.319
test_marginal_opcodes.py::test_mload[fork_Prague-blockchain_test_from_state_test-op_count_668000],mload,668000,8375611,269700804,43.413
test_marginal_opcodes.py::test_mod[fork_Prague-blockchain_test_from_state_test-op_count_0],mod,0,2247111,77077162,19.17
test_marginal_opcodes.py::test_mod[fork_Prague-blockchain_test_from_state_test-op_count_140000],mod,140000,2947111,255859485,41.907
test_marginal_opcodes.py::test_mod[fork_Prague-blockchain_test_from_state_test-op_count_210000],mod,210000,3297111,345269919,52.49
test_marginal_opcodes.py::test_mod[fork_Prague-blockchain_test_from_state_test-op_count_70000],mod,70000,2597111,166468274,30.327
test_marginal_opcodes.py::test_msize[fork_Prague-blockchain_test_from_state_test-op_count_0],msize,0,5159611,121376767,26.751
test_marginal_opcodes.py::test_msize[fork_Prague-blockchain_test_from_state_test-op_count_1200000],msize,1200000,7559611,193384132,36.347
test_marginal_opcodes.py::test_msize[fork_Prague-blockchain_test_from_state_test-op_count_300000],msize,300000,5759611,139378896,29.266
test_marginal_opcodes.py::test_msize[fork_Prague-blockchain_test_from_state_test-op_count_600000],msize,600000,6359611,157381211,30.802
test_marginal_opcodes.py::test_msize[fork_Prague-blockchain_test_from_state_test-op_count_900000],msize,900000,6959611,175382505,33.862
test_marginal_opcodes.py::test_mstore8[fork_Prague-blockchain_test_from_state_test-op_count_0],mstore8,0,5369611,120184324,26.753
test_marginal_opcodes.py::test_mstore8[fork_Prague-blockchain_test_from_state_test-op_count_1002000],mstore8,1002000,8375611,198346244,36.318
test_marginal_opcodes.py::test_mstore8[fork_Prague-blockchain_test_from_state_test-op_count_334000],mstore8,334000,6371611,146252292,28.783
test_marginal_opcodes.py::test_mstore8[fork_Prague-blockchain_test_from_state_test-op_count_668000],mstore8,668000,7373611,172344341,33.788
test_marginal_opcodes.py::test_mstore[fork_Prague-blockchain_test_from_state_test-op_count_0],mstore,0,2707611,100199555,22.189
test_marginal_opcodes.py::test_mstore[fork_Prague-blockchain_test_from_state_test-op_count_167000],mstore,167000,3208611,131588144,27.801
test_marginal_opcodes.py::test_mstore[fork_Prague-blockchain_test_from_state_test-op_count_334000],mstore,334000,3709611,163063581,32.823
test_marginal_opcodes.py::test_mstore[fork_Prague-blockchain_test_from_state_test-op_count_501000],mstore,501000,4210611,194412769,36.828
test_marginal_opcodes.py::test_mul[fork_Prague-blockchain_test_from_state_test-op_count_0],mul,0,6335611,218399287,39.878
test_marginal_opcodes.py::test_mul[fork_Prague-blockchain_test_from_state_test-op_count_200000],mul,200000,7335611,279000081,45.455
test_marginal_opcodes.py::test_mul[fork_Prague-blockchain_test_from_state_test-op_count_400000],mul,400000,8335611,339601281,55.07
test_marginal_opcodes.py::test_mul[fork_Prague-blockchain_test_from_state_test-op_count_600000],mul,600000,9335611,400256656,61.123
test_marginal_opcodes.py::test_mulmod[fork_Prague-blockchain_test_from_state_test-op_count_0],mulmod,0,2920611,105611290,24.232
test_marginal_opcodes.py::test_mulmod[fork_Prague-blockchain_test_from_state_test-op_count_140000],mulmod,140000,4040611,578533255,82.8
test_marginal_opcodes.py::test_mulmod[fork_Prague-blockchain_test_from_state_test-op_count_210000],mulmod,210000,4600611,814995628,112.628
test_marginal_opcodes.py::test_mulmod[fork_Prague-blockchain_test_from_state_test-op_count_70000],mulmod,70000,3480611,342074217,52.984
test_marginal_opcodes.py::test_not[fork_Prague-blockchain_test_from_state_test-op_count_0],not,0,6635611,206973924,37.375
test_marginal_opcodes.py::test_not[fork_Prague-blockchain_test_from_state_test-op_count_180000],not,180000,7175611,216877403,38.369
test_marginal_opcodes.py::test_not[fork_Prague-blockchain_test_from_state_test-op_count_360000],not,360000,7715611,226776358,38.373
test_marginal_opcodes.py::test_not[fork_Prague-blockchain_test_from_state_test-op_count_540000],not,540000,8255611,236679598,39.444
test_marginal_opcodes.py::test_not[fork_Prague-blockchain_test_from_state_test-op_count_720000],not,720000,8795611,246577705,41.467
test_marginal_opcodes.py::test_not[fork_Prague-blockchain_test_from_state_test-op_count_900000],not,900000,9335611,256481833,42.43
test_marginal_opcodes.py::test_number[fork_Prague-blockchain_test_from_state_test-op_count_0],number,0,5135611,120498553,25.264
test_marginal_opcodes.py::test_number[fork_Prague-blockchain_test_from_state_test-op_count_1200000],number,1200000,7535611,198506894,36.851
test_marginal_opcodes.py::test_number[fork_Prague-blockchain_test_from_state_test-op_count_400000],number,400000,5935611,146555505,30.326
test_marginal_opcodes.py::test_number[fork_Prague-blockchain_test_from_state_test-op_count_800000],number,800000,6735611,172504304,32.818
test_marginal_opcodes.py::test_or[fork_Prague-blockchain_test_from_state_test-op_count_0],or,0,9480611,327108222,57.537
test_marginal_opcodes.py::test_or[fork_Prague-blockchain_test_from_state_test-op_count_180000],or,180000,10020611,340068788,61.175
test_marginal_opcodes.py::test_or[fork_Prague-blockchain_test_from_state_test-op_count_360000],or,360000,10560611,353029626,59.576
test_marginal_opcodes.py::test_or[fork_Prague-blockchain_test_from_state_test-op_count_540000],or,540000,11100611,365990433,62.565
test_marginal_opcodes.py::test_or[fork_Prague-blockchain_test_from_state_test-op_count_720000],or,720000,11640611,378951026,64.118
test_marginal_opcodes.py::test_or[fork_Prague-blockchain_test_from_state_test-op_count_900000],or,900000,12180611,391992349,66.604
test_marginal_opcodes.py::test_origin[fork_Prague-blockchain_test_from_state_test-op_count_0],origin,0,5135611,120499188,24.735
test_marginal_opcodes.py::test_origin[fork_Prague-blockchain_test_from_state_test-op_count_1200000],origin,1200000,7535611,259706612,44.477
test_marginal_opcodes.py::test_origin[fork_Prague-blockchain_test_from_state_test-op_count_400000],origin,400000,5935611,166955864,29.273
test_marginal_opcodes.py::test_origin[fork_Prague-blockchain_test_from_state_test-op_count_800000],origin,800000,6735611,213304514,34.837
test_marginal_opcodes.py::test_pc[fork_Prague-blockchain_test_from_state_test-op_count_0],pc,0,5135611,120499137,23.739
test_marginal_opcodes.py::test_pc[fork_Prague-blockchain_test_from_state_test-op_count_1200000],pc,1200000,7535611,197306746,35.841
test_marginal_opcodes.py::test_pc[fork_Prague-blockchain_test_from_state_test-op_count_400000],pc,400000,5935611,146155890,26.218
test_marginal_opcodes.py::test_pc[fork_Prague-blockchain_test_from_state_test-op_count_800000],pc,800000,6735611,171704378,33.337
test_marginal_opcodes.py::test_pop[fork_Prague-blockchain_test_from_state_test-op_count_0],pop,0,4080611,126300565,27.757
test_marginal_opcodes.py::test_pop[fork_Prague-blockchain_test_from_state_test-op_count_1080000],pop,1080000,6240611,158705645,30.792
test_marginal_opcodes.py::test_pop[fork_Prague-blockchain_test_from_state_test-op_count_1440000],pop,1440000,6960611,169506839,29.297
test_marginal_opcodes.py::test_pop[fork_Prague-blockchain_test_from_state_test-op_count_1800000],pop,1800000,7680611,180307995,31.788
test_marginal_opcodes.py::test_pop[fork_Prague-blockchain_test_from_state_test-op_count_360000],pop,360000,4800611,137102997,28.301
test_marginal_opcodes.py::test_pop[fork_Prague-blockchain_test_from_state_test-op_count_720000],pop,720000,5520611,147904540,29.84
test_marginal_opcodes.py::test_prevrandao[fork_Prague-blockchain_test_from_state_test-op_count_0],prevrandao,0,3863111,90594483,19.667
test_marginal_opcodes.py::test_prevrandao[fork_Prague-blockchain_test_from_state_test-op_count_300000],prevrandao,300000,4463111,137737563,26.235
test_marginal_opcodes.py::test_prevrandao[fork_Prague-blockchain_test_from_state_test-op_count_600000],prevrandao,600000,5063111,184799607,33.861
test_marginal_opcodes.py::test_prevrandao[fork_Prague-blockchain_test_from_state_test-op_count_900000],prevrandao,900000,5663111,231902154,38.341
test_marginal_opcodes.py::test_push0[fork_Prague-blockchain_test_from_state_test-op_count_0],push0,0,5135611,120498688,25.236
test_marginal_opcodes.py::test_push0[fork_Prague-blockchain_test_from_state_test-op_count_1200000],push0,1200000,7535611,188906121,36.336
test_marginal_opcodes.py::test_push0[fork_Prague-blockchain_test_from_state_test-op_count_400000],push0,400000,5935611,143355863,26.265
test_marginal_opcodes.py::test_push0[fork_Prague-blockchain_test_from_state_test-op_count_800000],push0,800000,6735611,166104139,32.319
test_marginal_opcodes.py::test_push16[fork_Prague-blockchain_test_from_state_test-op_count_0],push16,0,4343611,103268986,21.719
test_marginal_opcodes.py::test_push16[fork_Prague-blockchain_test_from_state_test-op_count_1002000],push16,1002000,7349611,188488780,32.828
test_marginal_opcodes.py::test_push16[fork_Prague-blockchain_test_from_state_test-op_count_334000],push16,334000,5345611,131676450,25.743
test_marginal_opcodes.py::test_push16[fork_Prague-blockchain_test_from_state_test-op_count_668000],push16,668000,6347611,160136988,29.771
test_marginal_opcodes.py::test_push1[fork_Prague-blockchain_test_from_state_test-op_count_0],push1,0,5135611,120499065,24.735
test_marginal_opcodes.py::test_push1[fork_Prague-blockchain_test_from_state_test-op_count_1200000],push1,1200000,8735611,175710571,33.325
test_marginal_opcodes.py::test_push1[fork_Prague-blockchain_test_from_state_test-op_count_240000],push1,240000,5855611,131541966,25.236
test_marginal_opcodes.py::test_push1[fork_Prague-blockchain_test_from_state_test-op_count_480000],push1,480000,6575611,142584158,28.281
test_marginal_opcodes.py::test_push1[fork_Prague-blockchain_test_from_state_test-op_count_720000],push1,720000,7295611,153625556,30.309
test_marginal_opcodes.py::test_push1[fork_Prague-blockchain_test_from_state_test-op_count_960000],push1,960000,8015611,164667919,33.306
test_marginal_opcodes.py::test_push32[fork_Prague-blockchain_test_from_state_test-op_count_0],push32,0,2363111,57963867,16.143
test_marginal_opcodes.py::test_push32[fork_Prague-blockchain_test_from_state_test-op_count_105000],push32,105000,2678111,71100049,17.685
test_marginal_opcodes.py::test_push32[fork_Prague-blockchain_test_from_state_test-op_count_210000],push32,210000,2993111,84238868,18.167
test_marginal_opcodes.py::test_push32[fork_Prague-blockchain_test_from_state_test-op_count_315000],push32,315000,3308111,97374675,20.693
test_marginal_opcodes.py::test_push32[fork_Prague-blockchain_test_from_state_test-op_count_420000],push32,420000,3623111,110513498,24.228
test_marginal_opcodes.py::test_push32[fork_Prague-blockchain_test_from_state_test-op_count_525000],push32,525000,3938111,123649737,28.302
test_marginal_opcodes.py::test_returndatacopy[fork_Prague-blockchain_test_from_state_test-op_count_0],returndatacopy,0,1674611,36697690,12.112
test_marginal_opcodes.py::test_returndatacopy[fork_Prague-blockchain_test_from_state_test-op_count_120000],returndatacopy,120000,2758211,65356609,16.639
test_marginal_opcodes.py::test_returndatacopy[fork_Prague-blockchain_test_from_state_test-op_count_180000],returndatacopy,180000,3298211,79637301,19.187
test_marginal_opcodes.py::test_returndatacopy[fork_Prague-blockchain_test_from_state_test-op_count_60000],returndatacopy,60000,2218211,51074730,15.132
test_marginal_opcodes.py::test_returndatasize[fork_Prague-blockchain_test_from_state_test-op_count_0],returndatasize,0,5135611,120498579,24.265
test_marginal_opcodes.py::test_returndatasize[fork_Prague-blockchain_test_from_state_test-op_count_1200000],returndatasize,1200000,7535611,192506180,35.814
test_marginal_opcodes.py::test_returndatasize[fork_Prague-blockchain_test_from_state_test-op_count_400000],returndatasize,400000,5935611,144555995,28.796
test_marginal_opcodes.py::test_returndatasize[fork_Prague-blockchain_test_from_state_test-op_count_800000],returndatasize,800000,6735611,168504298,31.777
test_marginal_opcodes.py::test_sar[fork_Prague-blockchain_test_from_state_test-op_count_0],sar,0,4763111,128447158,26.22
test_marginal_opcodes.py::test_sar[fork_Prague-blockchain_test_from_state_test-op_count_150000],sar,150000,5213111,163698393,29.276
test_marginal_opcodes.py::test_sar[fork_Prague-blockchain_test_from_state_test-op_count_300000],sar,300000,5663111,198948623,35.341
test_marginal_opcodes.py::test_sar[fork_Prague-blockchain_test_from_state_test-op_count_450000],sar,450000,6113111,234200489,38.891
test_marginal_opcodes.py::test_sdiv[fork_Prague-blockchain_test_from_state_test-op_count_0],sdiv,0,2247111,77077480,18.661
test_marginal_opcodes.py::test_sdiv[fork_Prague-blockchain_test_from_state_test-op_count_140000],sdiv,140000,2947111,259359913,43.435
test_marginal_opcodes.py::test_sdiv[fork_Prague-blockchain_test_from_state_test-op_count_210000],sdiv,210000,3297111,350520174,52.493
test_marginal_opcodes.py::test_sdiv[fork_Prague-blockchain_test_from_state_test-op_count_70000],sdiv,70000,2597111,168218509,30.796
test_marginal_opcodes.py::test_selfbalance[fork_Prague-blockchain_test_from_state_test-op_count_0],selfbalance,0,2590611,60689537,16.163
test_marginal_opcodes.py::test_selfbalance[fork_Prague-blockchain_test_from_state_test-op_count_200000],selfbalance,200000,3590611,294719307,46.442
test_marginal_opcodes.py::test_selfbalance[fork_Prague-blockchain_test_from_state_test-op_count_400000],selfbalance,400000,4590611,528694977,81.375
test_marginal_opcodes.py::test_selfbalance[fork_Prague-blockchain_test_from_state_test-op_count_600000],selfbalance,600000,5590611,762697588,108.631
test_marginal_opcodes.py::test_sgt[fork_Prague-blockchain_test_from_state_test-op_count_0],sgt,0,9480611,327108284,56.463
test_marginal_opcodes.py::test_sgt[fork_Prague-blockchain_test_from_state_test-op_count_180000],sgt,180000,10020611,347628347,60.077
test_marginal_opcodes.py::test_sgt[fork_Prague-blockchain_test_from_state_test-op_count_360000],sgt,360000,10560611,368149358,64.095
test_marginal_opcodes.py::test_sgt[fork_Prague-blockchain_test_from_state_test-op_count_540000],sgt,540000,11100611,388670638,64.12
test_marginal_opcodes.py::test_sgt[fork_Prague-blockchain_test_from_state_test-op_count_720000],sgt,720000,11640611,409190754,67.13
test_marginal_opcodes.py::test_sgt[fork_Prague-blockchain_test_from_state_test-op_count_900000],sgt,900000,12180611,429792758,65.635
test_marginal_opcodes.py::test_shl[fork_Prague-blockchain_test_from_state_test-op_count_0],shl,0,4763111,128446383,25.762
test_marginal_opcodes.py::test_shl[fork_Prague-blockchain_test_from_state_test-op_count_150000],shl,150000,5213111,151098237,28.298
test_marginal_opcodes.py::test_shl[fork_Prague-blockchain_test_from_state_test-op_count_300000],shl,300000,5663111,173748829,30.749
test_marginal_opcodes.py::test_shl[fork_Prague-blockchain_test_from_state_test-op_count_450000],shl,450000,6113111,196400109,34.334
test_marginal_opcodes.py::test_shr[fork_Prague-blockchain_test_from_state_test-op_count_0],shr,0,6335611,170950732,29.811
test_marginal_opcodes.py::test_shr[fork_Prague-blockchain_test_from_state_test-op_count_200000],shr,200000,6935611,201752311,34.304
test_marginal_opcodes.py::test_shr[fork_Prague-blockchain_test_from_state_test-op_count_400000],shr,400000,7535611,232553051,38.873
test_marginal_opcodes.py::test_shr[fork_Prague-blockchain_test_from_state_test-op_count_600000],shr,600000,8135611,263355025,42.461
test_marginal_opcodes.py::test_signextend[fork_Prague-blockchain_test_from_state_test-op_count_0],signextend,0,15770611,320934097,57.121
test_marginal_opcodes.py::test_signextend[fork_Prague-blockchain_test_from_state_test-op_count_1000000],signextend,1000000,20770611,587937626,84.341
test_marginal_opcodes.py::test_signextend[fork_Prague-blockchain_test_from_state_test-op_count_1500000],signextend,1500000,23270611,721573681,100.983
test_marginal_opcodes.py::test_signextend[fork_Prague-blockchain_test_from_state_test-op_count_500000],signextend,500000,18270611,454436297,68.149
test_marginal_opcodes.py::test_sload[fork_Prague-blockchain_test_from_state_test-op_count_0],sload,0,1933611,45579749,13.63
test_marginal_opcodes.py::test_sload[fork_Prague-blockchain_test_from_state_test-op_count_132000],sload,132000,15133611,243633256,39.866
test_marginal_opcodes.py::test_sload[fork_Prague-blockchain_test_from_state_test-op_count_198000],sload,198000,21733611,342582271,55.572
test_marginal_opcodes.py::test_sload[fork_Prague-blockchain_test_from_state_test-op_count_66000],sload,66000,8533611,144581319,26.79
test_marginal_opcodes.py::test_slt[fork_Prague-blockchain_test_from_state_test-op_count_0],slt,0,22060611,761944653,120.151
test_marginal_opcodes.py::test_slt[fork_Prague-blockchain_test_from_state_test-op_count_1260000],slt,1260000,25840611,905586244,139.362
test_marginal_opcodes.py::test_slt[fork_Prague-blockchain_test_from_state_test-op_count_1680000],slt,1680000,27100611,953467082,147.439
test_marginal_opcodes.py::test_slt[fork_Prague-blockchain_test_from_state_test-op_count_2100000],slt,2100000,28360611,1001536992,142.008
test_marginal_opcodes.py::test_slt[fork_Prague-blockchain_test_from_state_test-op_count_420000],slt,420000,23320611,809824404,129.19
test_marginal_opcodes.py::test_slt[fork_Prague-blockchain_test_from_state_test-op_count_840000],slt,840000,24580611,857705866,136.305
test_marginal_opcodes.py::test_smod[fork_Prague-blockchain_test_from_state_test-op_count_0],smod,0,6335611,218399446,39.372
test_marginal_opcodes.py::test_smod[fork_Prague-blockchain_test_from_state_test-op_count_200000],smod,200000,7335611,298000064,47.47
test_marginal_opcodes.py::test_smod[fork_Prague-blockchain_test_from_state_test-op_count_400000],smod,400000,8335611,377601450,58.065
test_marginal_opcodes.py::test_smod[fork_Prague-blockchain_test_from_state_test-op_count_600000],smod,600000,9335611,457256662,68.209
test_marginal_opcodes.py::test_sstore[fork_Prague-blockchain_test_from_state_test-op_count_0],sstore,0,718411,22672357,11.099
test_marginal_opcodes.py::test_sstore[fork_Prague-blockchain_test_from_state_test-op_count_20400],sstore,20400,2778311,94077171,20.202
test_marginal_opcodes.py::test_sstore[fork_Prague-blockchain_test_from_state_test-op_count_40800],sstore,40800,4818311,165476768,29.79
test_marginal_opcodes.py::test_sstore[fork_Prague-blockchain_test_from_state_test-op_count_61200],sstore,61200,6858311,236875454,39.365
test_marginal_opcodes.py::test_sub[fork_Prague-blockchain_test_from_state_test-op_count_0],sub,0,15770611,544526419,93.486
test_marginal_opcodes.py::test_sub[fork_Prague-blockchain_test_from_state_test-op_count_1200000],sub,1200000,19370611,678929260,105.522
test_marginal_opcodes.py::test_sub[fork_Prague-blockchain_test_from_state_test-op_count_1500000],sub,1500000,20270611,712665219,101.93
test_marginal_opcodes.py::test_sub[fork_Prague-blockchain_test_from_state_test-op_count_300000],sub,300000,16670611,578126620,93.386
test_marginal_opcodes.py::test_sub[fork_Prague-blockchain_test_from_state_test-op_count_600000],sub,600000,17570611,611727603,98.475
test_marginal_opcodes.py::test_sub[fork_Prague-blockchain_test_from_state_test-op_count_900000],sub,900000,18470611,645328291,101.465
test_marginal_opcodes.py::test_swap16[fork_Prague-blockchain_test_from_state_test-op_count_0],swap16,0,275611,9768258,7.563
test_marginal_opcodes.py::test_swap16[fork_Prague-blockchain_test_from_state_test-op_count_100000],swap16,100000,575611,25769333,11.621
test_marginal_opcodes.py::test_swap16[fork_Prague-blockchain_test_from_state_test-op_count_200000],swap16,200000,875611,41770605,13.641
test_marginal_opcodes.py::test_swap16[fork_Prague-blockchain_test_from_state_test-op_count_300000],swap16,300000,1175611,57772381,17.679
test_marginal_opcodes.py::test_swap1[fork_Prague-blockchain_test_from_state_test-op_count_0],swap1,0,200611,8626162,8.57
test_marginal_opcodes.py::test_swap1[fork_Prague-blockchain_test_from_state_test-op_count_120000],swap1,120000,560611,27827991,11.099
test_marginal_opcodes.py::test_swap1[fork_Prague-blockchain_test_from_state_test-op_count_180000],swap1,180000,740611,37427364,12.616
test_marginal_opcodes.py::test_swap1[fork_Prague-blockchain_test_from_state_test-op_count_240000],swap1,240000,920611,47028668,15.147
test_marginal_opcodes.py::test_swap1[fork_Prague-blockchain_test_from_state_test-op_count_300000],swap1,300000,1100611,56683434,17.18
test_marginal_opcodes.py::test_swap1[fork_Prague-blockchain_test_from_state_test-op_count_60000],swap1,60000,380611,18253985,10.082
test_marginal_opcodes.py::test_swap8[fork_Prague-blockchain_test_from_state_test-op_count_0],swap8,0,235611,9159839,8.578
test_marginal_opcodes.py::test_swap8[fork_Prague-blockchain_test_from_state_test-op_count_100000],swap8,100000,535611,25161293,11.097
test_marginal_opcodes.py::test_swap8[fork_Prague-blockchain_test_from_state_test-op_count_200000],swap8,200000,835611,41189234,13.628
test_marginal_opcodes.py::test_swap8[fork_Prague-blockchain_test_from_state_test-op_count_300000],swap8,300000,1135611,57191415,17.669
test_marginal_opcodes.py::test_timestamp[fork_Prague-blockchain_test_from_state_test-op_count_0],timestamp,0,5135611,120498958,26.308
test_marginal_opcodes.py::test_timestamp[fork_Prague-blockchain_test_from_state_test-op_count_1200000],timestamp,1200000,7535611,198506116,36.342
test_marginal_opcodes.py::test_timestamp[fork_Prague-blockchain_test_from_state_test-op_count_400000],timestamp,400000,5935611,146556162,29.305
test_marginal_opcodes.py::test_timestamp[fork_Prague-blockchain_test_from_state_test-op_count_800000],timestamp,800000,6735611,172504303,33.831
test_marginal_opcodes.py::test_tload[fork_Prague-blockchain_test_from_state_test-op_count_0],tload,0,9770611,254921878,48.001
test_marginal_opcodes.py::test_tload[fork_Prague-blockchain_test_from_state_test-op_count_1000000],tload,1000000,109770611,499690565,82.257
test_marginal_opcodes.py::test_tload[fork_Prague-blockchain_test_from_state_test-op_count_1500000],tload,1500000,159770611,619426017,99.452
test_marginal_opcodes.py::test_tload[fork_Prague-blockchain_test_from_state_test-op_count_500000],tload,500000,59770611,376423803,63.148
test_marginal_opcodes.py::test_tstore[fork_Prague-blockchain_test_from_state_test-op_count_0],tstore,0,1331611,52696934,15.638
test_marginal_opcodes.py::test_tstore[fork_Prague-blockchain_test_from_state_test-op_count_132000],tstore,132000,14531611,262654110,43.418
test_marginal_opcodes.py::test_tstore[fork_Prague-blockchain_test_from_state_test-op_count_198000],tstore,198000,21131611,367663625,56.511
test_marginal_opcodes.py::test_tstore[fork_Prague-blockchain_test_from_state_test-op_count_66000],tstore,66000,7931611,157851872,28.76
test_marginal_opcodes.py::test_xor[fork_Prague-blockchain_test_from_state_test-op_count_0],xor,0,15770611,544526509,85.81
test_marginal_opcodes.py::test_xor[fork_Prague-blockchain_test_from_state_test-op_count_1000000],xor,1000000,18770611,616529147,100.499
test_marginal_opcodes.py::test_xor[fork_Prague-blockchain_test_from_state_test-op_count_1500000],xor,1500000,20270611,652664871,109.068
test_marginal_opcodes.py::test_xor[fork_Prague-blockchain_test_from_state_test-op_count_500000],xor,500000,17270611,580527847,96.578
test_marginal_precompiles.py::test_marginal_blake2f[fork_Prague-blockchain_test_from_state_test-op_count_0],blake2f,0,49270,956693,6.569
test_marginal_precompiles.py::test_marginal_blake2f[fork_Prague-blockchain_test_from_state_test-op_count_10],blake2f,10,704620,392214720,60.045
test_marginal_precompiles.py::test_marginal_blake2f[fork_Prague-blockchain_test_from_state_test-op_count_5],blake2f,5,376945,196587333,34.315
test_marginal_precompiles.py::test_marginal_bls12_g1add[fork_Prague-blockchain_test_from_state_test-op_count_0],bls12_g1add,0,140852,5646418,8.072
test_marginal_precompiles.py::test_marginal_bls12_g1add[fork_Prague-blockchain_test_from_state_test-op_count_257],bls12_g1add,257,237227,84362700,19.169
test_marginal_precompiles.py::test_marginal_bls12_g1add[fork_Prague-blockchain_test_from_state_test-op_count_514],bls12_g1add,514,333602,163043851,30.31
test_marginal_precompiles.py::test_marginal_bls12_g1add[fork_Prague-blockchain_test_from_state_test-op_count_771],bls12_g1add,771,429977,241742874,40.399
test_marginal_precompiles.py::test_marginal_bls12_g1msm[fork_Prague-blockchain_test_from_state_test-op_count_0],bls12_g1msm,0,54036,1105423,6.548
test_marginal_precompiles.py::test_marginal_bls12_g1msm[fork_Prague-blockchain_test_from_state_test-op_count_13],bls12_g1msm,13,350124,111134594,24.229
test_marginal_precompiles.py::test_marginal_bls12_g1msm[fork_Prague-blockchain_test_from_state_test-op_count_26],bls12_g1msm,26,646212,221157621,38.403
test_marginal_precompiles.py::test_marginal_bls12_g1msm[fork_Prague-blockchain_test_from_state_test-op_count_39],bls12_g1msm,39,942300,331183342,53.066
test_marginal_precompiles.py::test_marginal_bls12_g2add[fork_Prague-blockchain_test_from_state_test-op_count_0],bls12_g2add,0,106041,3665459,7.572
test_marginal_precompiles.py::test_marginal_bls12_g2add[fork_Prague-blockchain_test_from_state_test-op_count_150],bls12_g2add,150,196041,76591591,17.704
test_marginal_precompiles.py::test_marginal_bls12_g2add[fork_Prague-blockchain_test_from_state_test-op_count_300],bls12_g2add,300,286041,149515618,26.758
test_marginal_precompiles.py::test_marginal_bls12_g2add[fork_Prague-blockchain_test_from_state_test-op_count_450],bls12_g2add,450,376041,222437843,37.848
test_marginal_precompiles.py::test_marginal_bls12_g2msm[fork_Prague-blockchain_test_from_state_test-op_count_0],bls12_g2msm,0,55639,1015276,7.059
test_marginal_precompiles.py::test_marginal_bls12_g2msm[fork_Prague-blockchain_test_from_state_test-op_count_16],bls12_g2msm,16,775639,203011126,37.391
test_marginal_precompiles.py::test_marginal_bls12_g2msm[fork_Prague-blockchain_test_from_state_test-op_count_24],bls12_g2msm,24,1135639,304008054,49.451
test_marginal_precompiles.py::test_marginal_bls12_g2msm[fork_Prague-blockchain_test_from_state_test-op_count_8],bls12_g2msm,8,415639,102014311,22.728
test_marginal_precompiles.py::test_marginal_bls12_map_fp2_to_g2[fork_Prague-blockchain_test_from_state_test-op_count_0],bls12_map_fp2_to_g2,0,50640,1026852,7.071
test_marginal_precompiles.py::test_marginal_bls12_map_fp2_to_g2[fork_Prague-blockchain_test_from_state_test-op_count_18],bls12_map_fp2_to_g2,18,479040,356622848,55.519
test_marginal_precompiles.py::test_marginal_bls12_map_fp2_to_g2[fork_Prague-blockchain_test_from_state_test-op_count_27],bls12_map_fp2_to_g2,27,693240,534421958,79.201
test_marginal_precompiles.py::test_marginal_bls12_map_fp2_to_g2[fork_Prague-blockchain_test_from_state_test-op_count_9],bls12_map_fp2_to_g2,9,264840,178828099,31.799
test_marginal_precompiles.py::test_marginal_bls12_map_fp_to_g1[fork_Prague-blockchain_test_from_state_test-op_count_0],bls12_map_fp_to_g1,0,55508,1324525,6.554
test_marginal_precompiles.py::test_marginal_bls12_map_fp_to_g1[fork_Prague-blockchain_test_from_state_test-op_count_25],bls12_map_fp_to_g1,25,193008,161297663,30.256
test_marginal_precompiles.py::test_marginal_bls12_map_fp_to_g1[fork_Prague-blockchain_test_from_state_test-op_count_50],bls12_map_fp_to_g1,50,330508,321264024,50.957
test_marginal_precompiles.py::test_marginal_bls12_map_fp_to_g1[fork_Prague-blockchain_test_from_state_test-op_count_75],bls12_map_fp_to_g1,75,468008,481232626,72.69
test_marginal_precompiles.py::test_marginal_bls12_pairing[fork_Prague-blockchain_test_from_state_test-op_count_0],bls12_pairing,0,56915,927554,7.064
test_marginal_precompiles.py::test_marginal_bls12_pairing[fork_Prague-blockchain_test_from_state_test-op_count_3],bls12_pairing,3,365615,308265945,48.993
test_marginal_precompiles.py::test_marginal_bls12_pairing[fork_Prague-blockchain_test_from_state_test-op_count_6],bls12_pairing,6,674315,615598440,89.841
test_marginal_precompiles.py::test_marginal_bls12_pairing[fork_Prague-blockchain_test_from_state_test-op_count_9],bls12_pairing,9,983015,922934573,131.263
test_marginal_precompiles.py::test_marginal_bn128_add[fork_Prague-blockchain_test_from_state_test-op_count_0],bn128_add,0,143130,5815543,8.07
test_marginal_precompiles.py::test_marginal_bn128_add[fork_Prague-blockchain_test_from_state_test-op_count_267],bn128_add,267,183180,7442871,8.588
test_marginal_precompiles.py::test_marginal_bn128_add[fork_Prague-blockchain_test_from_state_test-op_count_534],bn128_add,534,223230,9064437,10.096
test_marginal_precompiles.py::test_marginal_bn128_add[fork_Prague-blockchain_test_from_state_test-op_count_801],bn128_add,801,263280,10688648,12.618
test_marginal_precompiles.py::test_marginal_bn128_mul[fork_Prague-blockchain_test_from_state_test-op_count_0],bn128_mul,0,55849,1305693,7.066
test_marginal_precompiles.py::test_marginal_bn128_mul[fork_Prague-blockchain_test_from_state_test-op_count_24],bn128_mul,24,199849,12466747,13.62
test_marginal_precompiles.py::test_marginal_bn128_mul[fork_Prague-blockchain_test_from_state_test-op_count_48],bn128_mul,48,343849,23624500,18.66
test_marginal_precompiles.py::test_marginal_bn128_mul[fork_Prague-blockchain_test_from_state_test-op_count_72],bn128_mul,72,487849,34781700,24.717
test_marginal_precompiles.py::test_marginal_bn128_pairing[fork_Prague-blockchain_test_from_state_test-op_count_0],bn128_pairing,0,52883,905555,7.061
test_marginal_precompiles.py::test_marginal_bn128_pairing[fork_Prague-blockchain_test_from_state_test-op_count_2],bn128_pairing,2,278883,13151958,14.117
test_marginal_precompiles.py::test_marginal_bn128_pairing[fork_Prague-blockchain_test_from_state_test-op_count_4],bn128_pairing,4,504883,25396888,17.664
test_marginal_precompiles.py::test_marginal_bn128_pairing[fork_Prague-blockchain_test_from_state_test-op_count_6],bn128_pairing,6,730883,37639650,22.676
test_marginal_precompiles.py::test_marginal_bn128_pairing[fork_Prague-blockchain_test_from_state_test-op_count_8],bn128_pairing,8,956883,49885324,27.762
test_marginal_precompiles.py::test_marginal_ecrecover[fork_Prague-blockchain_test_from_state_test-op_count_0],ecrecover,0,71358,2100787,7.063
test_marginal_precompiles.py::test_marginal_ecrecover[fork_Prague-blockchain_test_from_state_test-op_count_134],ecrecover,134,473358,6391982,12.111
test_marginal_precompiles.py::test_marginal_ecrecover[fork_Prague-blockchain_test_from_state_test-op_count_201],ecrecover,201,674358,8538758,12.617
test_marginal_precompiles.py::test_marginal_ecrecover[fork_Prague-blockchain_test_from_state_test-op_count_67],ecrecover,67,272358,4250337,9.576
test_marginal_precompiles.py::test_marginal_identity[fork_Prague-blockchain_test_from_state_test-op_count_0],identity,0,219278111,10011517701,1389.967
test_marginal_precompiles.py::test_marginal_identity[fork_Prague-blockchain_test_from_state_test-op_count_1000000],identity,1000000,246303111,10137952093,1401.576
test_marginal_precompiles.py::test_marginal_identity[fork_Prague-blockchain_test_from_state_test-op_count_1500000],identity,1500000,259803111,10200500155,1478.596
test_marginal_precompiles.py::test_marginal_identity[fork_Prague-blockchain_test_from_state_test-op_count_500000],identity,500000,232803111,10075452045,1388.871
test_marginal_precompiles.py::test_marginal_modexp[fork_Prague-blockchain_test_from_state_test-op_count_0],modexp,0,66977,1099112,7.061
test_marginal_precompiles.py::test_marginal_modexp[fork_Prague-blockchain_test_from_state_test-op_count_12],modexp,12,83357,63221488,16.152
test_marginal_precompiles.py::test_marginal_modexp[fork_Prague-blockchain_test_from_state_test-op_count_24],modexp,24,99737,125326375,26.748
test_marginal_precompiles.py::test_marginal_modexp[fork_Prague-blockchain_test_from_state_test-op_count_36],modexp,36,116117,187438664,33.827
test_marginal_precompiles.py::test_marginal_point_evaluation[fork_Prague-blockchain_test_from_state_test-op_count_0],point_evaluation,0,49918,917485,6.564
test_marginal_precompiles.py::test_marginal_point_evaluation[fork_Prague-blockchain_test_from_state_test-op_count_3],point_evaluation,3,199918,444186275,67.146
test_marginal_precompiles.py::test_marginal_point_evaluation[fork_Prague-blockchain_test_from_state_test-op_count_6],point_evaluation,6,349918,887448591,126.724
test_marginal_precompiles.py::test_marginal_point_evaluation[fork_Prague-blockchain_test_from_state_test-op_count_9],point_evaluation,9,499918,1330714918,185.819
test_marginal_precompiles.py::test_marginal_ripemd160[fork_Prague-blockchain_test_from_state_test-op_count_0],ripemd160,0,240817,10189247,8.579
test_marginal_precompiles.py::test_marginal_ripemd160[fork_Prague-blockchain_test_from_state_test-op_count_1000],ripemd160,1000,4680817,50215504,16.651
test_marginal_precompiles.py::test_marginal_ripemd160[fork_Prague-blockchain_test_from_state_test-op_count_1500],ripemd160,1500,6900817,70227143,18.177
test_marginal_precompiles.py::test_marginal_ripemd160[fork_Prague-blockchain_test_from_state_test-op_count_500],ripemd160,500,2460817,30406564,11.112
test_marginal_precompiles.py::test_marginal_sha256[fork_Prague-blockchain_test_from_state_test-op_count_0],sha256,0,290575,10247319,8.069
test_marginal_precompiles.py::test_marginal_sha256[fork_Prague-blockchain_test_from_state_test-op_count_1000],sha256,1000,1886575,30039977,23.722
test_marginal_precompiles.py::test_marginal_sha256[fork_Prague-blockchain_test_from_state_test-op_count_1500],sha256,1500,2684575,39934103,31.26
test_marginal_precompiles.py::test_marginal_sha256[fork_Prague-blockchain_test_from_state_test-op_count_500],sha256,500,1088575,20146074,16.626
